id,selected,part_of_speech,tags,english,chinese,norwegian_base,verb_present_tense,verb_past_tense,verb_imperative,verb_present_participle,verb_past_participle,verb_passive_infinitive,verb_passive_present,verb_passive_past,noun_plural,noun_singular_definite,noun_plural_definite,noun_singular_definite_genitive,noun_plural_definite_genitive,noun_singular_indefinite_genitive,noun_plural_indefinite_genitive,adjective_feminine_form,adjective_neuter_form,adjective_plural_form,adjective_comparative,adjective_superlative_indefinite,adjective_superlative_definite,pronoun_object,pronoun_reflexive,pronoun_plural_subject,pronoun_plural_object,pronoun_plural_reflexive,determinative_feminine_form,determinative_neuter_form,determinative_plural_form,adverb_comparative,adverb_superlative
wb_f2fc04e8a6522d0a628fcaf5438e000f9d59475415ef024524a5c56e64661d9d,true,determinative,cardinal_number,one,一,en,,,,,,,,,,,,,,,,,,,,,,,,,,,ei,et,en,,
wb_a463a52b36fdf9735d87d4c6c95f332f9a66d99814dd3147207fdc1864e9b6fa,true,determinative,cardinal_number,two,二,to,,,,,,,,,,,,,,,,,,,,,,,,,,,to,to,to,,
wb_69ac5dbe890fbf59fc829ad10a43cea62eaaa1f3e4d8d4873b61a0381e516cca,true,determinative,cardinal_number,three,三,tre,,,,,,,,,,,,,,,,,,,,,,,,,,,tre,tre,tre,,
wb_19e13968e077b589ae40ebadca740c4df1139241842d252c8de74974c6f6ee79,true,determinative,cardinal_number,four,四,fire,,,,,,,,,,,,,,,,,,,,,,,,,,,fire,fire,fire,,
wb_0ebb5fd2ed28ddab05e08a7bbc74ed90bae786813dea894ff2a52eb15c4e728c,true,determinative,cardinal_number,five,五,fem,,,,,,,,,,,,,,,,,,,,,,,,,,,fem,fem,fem,,
wb_1bfcf7d796e0d861ad9a2d2f847769db8d2644b6634b1bcba90d087b35b79e15,true,determinative,cardinal_number,six,六,seks,,,,,,,,,,,,,,,,,,,,,,,,,,,seks,seks,seks,,
wb_ac5b27a99f68c2924817341bca4e65a0277e2aa0b6de4299c153dc1b49466acf,true,determinative,cardinal_number,seven,七,sju,,,,,,,,,,,,,,,,,,,,,,,,,,,sju,sju,sju,,
wb_d3aca7ec0ca6c3ce6108897e10341d855dc3f35e958e1228c22a06e4c3363e6c,true,determinative,cardinal_number,eight,八,åtte,,,,,,,,,,,,,,,,,,,,,,,,,,,åtte,åtte,åtte,,
wb_2941362d476c043aa0830575c4e2dcfd944d93cd4766ef29b2b460d0abe16290,true,determinative,cardinal_number,nine,九,ni,,,,,,,,,,,,,,,,,,,,,,,,,,,ni,ni,ni,,
wb_775926f23469a5d5af9d099fe5904f740ecedd5497f5e2de614a3282da5a66ff,true,determinative,cardinal_number,ten,十,ti,,,,,,,,,,,,,,,,,,,,,,,,,,,ti,ti,ti,,
wb_93aa2b442e680006508b750fb03bed771a125310f9d29e29662ccb5a632e306d,true,determinative,cardinal_number,eleven,十一,elleve,,,,,,,,,,,,,,,,,,,,,,,,,,,elleve,elleve,elleve,,
wb_59cb367f9b0dff0c00033869e09a773508cb28082be6c53c16284b6f01ec27d5,true,determinative,cardinal_number,twelve,十二,tolv,,,,,,,,,,,,,,,,,,,,,,,,,,,tolv,tolv,tolv,,
wb_86c13f164b3d42245f8f6d3cbd36b171dbed3517d8907599c3ec4830ceefeef3,true,determinative,cardinal_number,thirteen,十三,tretten,,,,,,,,,,,,,,,,,,,,,,,,,,,tretten,tretten,tretten,,
wb_44142f93ab76aaf48fadf5ff005dd8d754f0a7011f8124310058fda3ecf157b1,true,determinative,cardinal_number,fourteen,十四,fjorten,,,,,,,,,,,,,,,,,,,,,,,,,,,fjorten,fjorten,fjorten,,
wb_6293899594b3b689e22917089f5d12bc97428fb1c28d81f4f3da80723d0f1f3a,true,determinative,cardinal_number,fifteen,十五,femten,,,,,,,,,,,,,,,,,,,,,,,,,,,femten,femten,femten,,
wb_af3b459c1f9e7fa34721a4f875242d329f2306cee5d149cdc7e4b2add74ba369,true,determinative,cardinal_number,sixteen,十六,seksten,,,,,,,,,,,,,,,,,,,,,,,,,,,seksten,seksten,seksten,,
wb_1713e7da6c03e1ec3576de94e6d16e64eb3d55b37f1eb25089e9e3c5d0cad779,true,determinative,cardinal_number,seventeen,十七,sytten,,,,,,,,,,,,,,,,,,,,,,,,,,,sytten,sytten,sytten,,
wb_87eee0190b8d11b4ddfa225dcff449c184ace48de876ffd0647e896de0ec0c7e,true,determinative,cardinal_number,eighteen,十八,atten,,,,,,,,,,,,,,,,,,,,,,,,,,,atten,atten,atten,,
wb_30a7b20aa6e157cbf886dc1e753c29b6dbbdaecc405791b06315ba9e1cb26069,true,determinative,cardinal_number,nineteen,十九,nitten,,,,,,,,,,,,,,,,,,,,,,,,,,,nitten,nitten,nitten,,
wb_5c57fb3c1bcffd868dc37e8583bd4c02463a113457c5b8c327e087841fe41a91,true,determinative,cardinal_number,twenty,二十,tjue,,,,,,,,,,,,,,,,,,,,,,,,,,,tjue,tjue,tjue,,
wb_2fd215f6499f111e357908e9cbcb06acc5d655935b5c2c17f76bdf2c68e03487,true,determinative,cardinal_number,twenty-one,二十一,tjueen,,,,,,,,,,,,,,,,,,,,,,,,,,,tjueen,tjueen,tjueen,,
wb_37b3b1c39d56d93e6e7065417e1715ad4350a93687ea56cc9769cc810f904c43,true,determinative,cardinal_number,twenty-two,二十二,tjueto,,,,,,,,,,,,,,,,,,,,,,,,,,,tjueto,tjueto,tjueto,,
wb_ad5e260568ea32ce26dab9a493f2626ecfa293965e36f78a32024b7f0fa61d78,true,determinative,cardinal_number,twenty-three,二十三,tjuetre,,,,,,,,,,,,,,,,,,,,,,,,,,,tjuetre,tjuetre,tjuetre,,
wb_e715e41ade37019485fdd6c1363343fb209fa8c9a4c8842648a2287561bf9320,true,determinative,cardinal_number,twenty-four,二十四,tjuefire,,,,,,,,,,,,,,,,,,,,,,,,,,,tjuefire,tjuefire,tjuefire,,
wb_c929690c0d8eb6401aad7abf51bcfa788ee25b94cc4c84f490f2f08e1dc4d3d9,true,determinative,cardinal_number,twenty-five,二十五,tjuefem,,,,,,,,,,,,,,,,,,,,,,,,,,,tjuefem,tjuefem,tjuefem,,
wb_8e9be648480ba49bc81693249db179772fe9c9f7dda628415be024a6eafa31aa,true,determinative,cardinal_number,twenty-six,二十六,tjueseks,,,,,,,,,,,,,,,,,,,,,,,,,,,tjueseks,tjueseks,tjueseks,,
wb_f8680103bb2090eb20d0e0fad04cf33b76bb60e25373d9ffb92a6158dcbae8eb,true,determinative,cardinal_number,twenty-seven,二十七,tjuesju,,,,,,,,,,,,,,,,,,,,,,,,,,,tjuesju,tjuesju,tjuesju,,
wb_3eac04f84cae209a201e49101826983d9e5b94a0b416f577ad6e19d0a1bd3e88,true,determinative,cardinal_number,twenty-eight,二十八,tjueåtte,,,,,,,,,,,,,,,,,,,,,,,,,,,tjueåtte,tjueåtte,tjueåtte,,
wb_6bb2a302f84eec5abd955aadc11c91dcfa9b42c200fc2cd54be4e90a32ae3a45,true,determinative,cardinal_number,twenty-nine,二十九,tjueni,,,,,,,,,,,,,,,,,,,,,,,,,,,tjueni,tjueni,tjueni,,
wb_f0199ae0c0db40cd1306bb3a1fd59e8c435cbdca446cd3e2d214dad15d78d3ef,true,determinative,cardinal_number,thirty,三十,tretti,,,,,,,,,,,,,,,,,,,,,,,,,,,tretti,tretti,tretti,,
wb_c1a5c501a50a2565485f1241fb1a4f145bc6145dd22343a79c25c31831530b70,true,determinative,cardinal_number,forty,四十,førti,,,,,,,,,,,,,,,,,,,,,,,,,,,førti,førti,førti,,
wb_00a119efb880e72da893f379ff9a476fabd370280fd8fabcb056712448312801,true,determinative,cardinal_number,fifty,五十,femti,,,,,,,,,,,,,,,,,,,,,,,,,,,femti,femti,femti,,
wb_346ffa97471a1d7223d8b86f646a08c7a94b32c66db2e1232cb61580f95282c3,true,determinative,cardinal_number,sixty,六十,seksti,,,,,,,,,,,,,,,,,,,,,,,,,,,seksti,seksti,seksti,,
wb_ab8e6e92b62ac91de04227c9ddb88d55744b5c198c13d6d78c45821dcc463371,true,determinative,cardinal_number,seventy,七十,sytti,,,,,,,,,,,,,,,,,,,,,,,,,,,sytti,sytti,sytti,,
wb_55363a221b28cbcbcd8147565a932dfa765cf8aa5d0dec2a106e5212437942eb,true,determinative,cardinal_number,eighty,八十,åtti,,,,,,,,,,,,,,,,,,,,,,,,,,,åtti,åtti,åtti,,
wb_dfb186ce397789abf05488d776abb9bea671e83e6d9d26cdcda43605034d23c2,true,determinative,cardinal_number,ninety,九十,nitti,,,,,,,,,,,,,,,,,,,,,,,,,,,nitti,nitti,nitti,,
wb_66ce6559e6f6853a5ed585651606e8f69ab699d9cd8bb1cb9cf20653ea412437,true,determinative,cardinal_number,one hundred,一百,hundre,,,,,,,,,,,,,,,,,,,,,,,,,,,hundre,hundre,hundre,,
wb_83060852c0aca25dc089a9e74354f48c24a9658754e16fabb4f838f3f9c8f9e4,true,determinative,cardinal_number,two hundred,二百,to hundre,,,,,,,,,,,,,,,,,,,,,,,,,,,to hundre,to hundre,to hundre,,
wb_46561ebf9a538a06afc6e3757717597fc55f3f28e7a60a2df852e8c501eca8ec,true,determinative,cardinal_number,three hundred,三百,tre hundre,,,,,,,,,,,,,,,,,,,,,,,,,,,tre hundre,tre hundre,tre hundre,,
wb_46bca1cdaf5f7f1fd294f9399eb92bd22cbc2d03f8711b45c3b57f3d710ce112,true,determinative,cardinal_number,five hundred,五百,fem hundre,,,,,,,,,,,,,,,,,,,,,,,,,,,fem hundre,fem hundre,fem hundre,,
wb_2b8fec68d5325af9d70097f420471084ec3ac4e0e3ade9d9f46f35199f2d3002,true,determinative,cardinal_number,one thousand,一千,tusen,,,,,,,,,,,,,,,,,,,,,,,,,,,tusen,tusen,tusen,,
wb_23016c0d82ed4548d9cff4fd95ecb9f9896bfcb0055538725b5e57e754a747f1,true,determinative,cardinal_number,five thousand,五千,fem tusen,,,,,,,,,,,,,,,,,,,,,,,,,,,fem tusen,fem tusen,fem tusen,,
wb_24301354076422f4d0ea1a5a778e6412305c1a9f8b2d8dc359854324a12ffbfd,true,determinative,cardinal_number,one hundred thousand,十万,hundre tusen,,,,,,,,,,,,,,,,,,,,,,,,,,,hundre tusen,hundre tusen,hundre tusen,,
wb_999b04c1271c56e6ab308a22e7d96e9ff2502d108a4029bc14048fae8c1c4402,true,adjective,ordinal_number,first,第一,første,,,,,,,,,,,,,,,,første,første,første,første,første,første,,,,,,,,,,
wb_27db9623c1ca700a53796ba79a6679358f9d30b9326bc50ee4b7e3e73b0a81e3,true,adjective,ordinal_number,second,第二,andre,,,,,,,,,,,,,,,,andre,andre,andre,andre,andre,andre,,,,,,,,,,
wb_dd39ad1af944ea4d24b9ec7e2397d3ccf930df9f8cdf86a2f569d9be1987d01e,true,adjective,ordinal_number,third,第三,tredje,,,,,,,,,,,,,,,,tredje,tredje,tredje,tredje,tredje,tredje,,,,,,,,,,
wb_2beefcdfec26b00497d8f523065f0481221560c76fb6e1cbbc847fddd5ca12ae,true,adjective,ordinal_number,fourth,第四,fjerde,,,,,,,,,,,,,,,,fjerde,fjerde,fjerde,fjerde,fjerde,fjerde,,,,,,,,,,
wb_50d6fe6aab2441ce66551ce24a396ee28268010b2b68054a74fb20481795583b,true,adjective,ordinal_number,fifth,第五,femte,,,,,,,,,,,,,,,,femte,femte,femte,femte,femte,femte,,,,,,,,,,
wb_616781270ab63a26a1a73bd4acbea8117b55da6e02ca1cc44fa5b670c5ba5856,true,adjective,ordinal_number,sixth,第六,sjette,,,,,,,,,,,,,,,,sjette,sjette,sjette,sjette,sjette,sjette,,,,,,,,,,
wb_dec0f84879d31db1257585b7b5406463625a7b5cd97c8d36d826c7b2ee505250,true,adjective,ordinal_number,seventh,第七,sjuende,,,,,,,,,,,,,,,,sjuende,sjuende,sjuende,sjuende,sjuende,sjuende,,,,,,,,,,
wb_bbc286a349d6a4f9da010eb98f1a77111c56f8600eac1ba9c4ee95ee1643164b,true,adjective,ordinal_number,eighth,第八,åttende,,,,,,,,,,,,,,,,åttende,åttende,åttende,åttende,åttende,åttende,,,,,,,,,,
wb_6b8d85d5792ca47c27ab121ea152f1b255ecb6eb25812bc14b17e2765fe52971,true,adjective,ordinal_number,ninth,第九,niende,,,,,,,,,,,,,,,,niende,niende,niende,niende,niende,niende,,,,,,,,,,
wb_4418e8234b1769e3d309674539999fcca872c8fb46d474d1d918ef5c9086d2cf,true,adjective,ordinal_number,tenth,第十,tiende,,,,,,,,,,,,,,,,tiende,tiende,tiende,tiende,tiende,tiende,,,,,,,,,,
wb_0551ea997aa21241153cd470aaf1193f17e942295bf6adb15ef160c91551cc85,true,adjective,ordinal_number,eleventh,第十一,ellevte,,,,,,,,,,,,,,,,ellevte,ellevte,ellevte,ellevte,ellevte,ellevte,,,,,,,,,,
wb_c5e3f44da95dfa538f523be596b98a3370547adf3e09d295520498e6780472a3,true,adjective,ordinal_number,twelfth,第十二,tolvte,,,,,,,,,,,,,,,,tolvte,tolvte,tolvte,tolvte,tolvte,tolvte,,,,,,,,,,
wb_266399d778c34ed520c60b2b22b04193ed4cdfe04d83aefb15b67ef4b195bb0a,true,adjective,ordinal_number,thirteenth,第十三,trettende,,,,,,,,,,,,,,,,trettende,trettende,trettende,trettende,trettende,trettende,,,,,,,,,,
wb_6721b64ed9abd95235501783f02301569cccf9545b4752a889ad65652e92f067,true,adjective,ordinal_number,fourteenth,第十四,fjortende,,,,,,,,,,,,,,,,fjortende,fjortende,fjortende,fjortende,fjortende,fjortende,,,,,,,,,,
wb_442f6b991cf05f6b55f0d6b386e3aa995847dbf952e3e03feab47691614edba2,true,adjective,ordinal_number,fifteenth,第十五,femtende,,,,,,,,,,,,,,,,femtende,femtende,femtende,femtende,femtende,femtende,,,,,,,,,,
wb_b6cfac8b1f6eb8fa775e4bfff6ef3f24f71e01556544793fe4e1fd0f898fbf93,true,adjective,ordinal_number,sixteenth,第十六,sekstende,,,,,,,,,,,,,,,,sekstende,sekstende,sekstende,sekstende,sekstende,sekstende,,,,,,,,,,
wb_64d4de9b769e5fb5957d9372b90941d85c381e2dee716aa21da1c29b829fe07a,true,adjective,ordinal_number,seventeenth,第十七,syttende,,,,,,,,,,,,,,,,syttende,syttende,syttende,syttende,syttende,syttende,,,,,,,,,,
wb_655ce50fcc48680461ba4a7dcbb47105d0563454519d0cfd6ef4c6bd2db53b14,true,adjective,ordinal_number,eighteenth,第十八,attende,,,,,,,,,,,,,,,,attende,attende,attende,attende,attende,attende,,,,,,,,,,
wb_d81c51448391d943eec53b048bad7544341b9fcb3d034b929ce4d2e46675b717,true,adjective,ordinal_number,nineteenth,第十九,nittende,,,,,,,,,,,,,,,,nittende,nittende,nittende,nittende,nittende,nittende,,,,,,,,,,
wb_59b088339e7a72759aaff091326d5d71cc22cfeb4d09ecaacf32ebf28ff9296a,true,adjective,ordinal_number,twentieth,第二十,tjuende,,,,,,,,,,,,,,,,tjuende,tjuende,tjuende,tjuende,tjuende,tjuende,,,,,,,,,,
wb_c4099930792a621e91cf98f187647af2298d7c2aad0e2de0b27def949968d23f,true,adjective,ordinal_number,twenty-first,第二十一,tjueførste,,,,,,,,,,,,,,,,tjueførste,tjueførste,tjueførste,tjueførste,tjueførste,tjueførste,,,,,,,,,,
wb_aff5835bad1bf7cbda070e2ad890b03649afda6d15549fdb7ad9589620a73afe,true,adjective,ordinal_number,twenty-second,第二十二,tjueandre,,,,,,,,,,,,,,,,tjueandre,tjueandre,tjueandre,tjueandre,tjueandre,tjueandre,,,,,,,,,,
wb_f163a6a1710424618fdaf9cb0b5c4b9c6558db638a9d8f28f120dfd14c9c0ddb,true,adjective,ordinal_number,twenty-third,第二十三,tjuetredje,,,,,,,,,,,,,,,,tjuetredje,tjuetredje,tjuetredje,tjuetredje,tjuetredje,tjuetredje,,,,,,,,,,
wb_e59670771eda9cb8be15bac15402379b96caf65aa3f07178b521df18b4d5c773,true,adjective,ordinal_number,twenty-fourth,第二十四,tjuefjerde,,,,,,,,,,,,,,,,tjuefjerde,tjuefjerde,tjuefjerde,tjuefjerde,tjuefjerde,tjuefjerde,,,,,,,,,,
wb_72d25e1c6a1e3966bd21bc9783a218aebc71d3e6626e4afd849e79200b3f8953,true,adjective,ordinal_number,twenty-fifth,第二十五,tjuefemte,,,,,,,,,,,,,,,,tjuefemte,tjuefemte,tjuefemte,tjuefemte,tjuefemte,tjuefemte,,,,,,,,,,
wb_ce16faf83b8c8f86edbd0d7a2f510f59b735a9f3a3d430365acb08ae995d2646,true,adjective,ordinal_number,twenty-sixth,第二十六,tjuesjette,,,,,,,,,,,,,,,,tjuesjette,tjuesjette,tjuesjette,tjuesjette,tjuesjette,tjuesjette,,,,,,,,,,
wb_257d653f6e0cfa4c5c52a329509742d01d69b94edb3fdf9ff8593bfded439240,true,adjective,ordinal_number,twenty-seventh,第二十七,tjuesjuende,,,,,,,,,,,,,,,,tjuesjuende,tjuesjuende,tjuesjuende,tjuesjuende,tjuesjuende,tjuesjuende,,,,,,,,,,
wb_6ea7dbda0ad624bad49d043fc290835bdb3f13dce950d8a1277323164439a874,true,adjective,ordinal_number,twenty-eighth,第二十八,tjueåttende,,,,,,,,,,,,,,,,tjueåttende,tjueåttende,tjueåttende,tjueåttende,tjueåttende,tjueåttende,,,,,,,,,,
wb_76ccd0074c7593c092827f32eea8c33b2e8cd6a18b5fa058202d1ebb51a398ac,true,adjective,ordinal_number,twenty-ninth,第二十九,tjueniende,,,,,,,,,,,,,,,,tjueniende,tjueniende,tjueniende,tjueniende,tjueniende,tjueniende,,,,,,,,,,
wb_0ac86ab33b794e86dc6d4d1ccde2f2f599c90532553edea9b88a09a57e8f8818,true,adjective,ordinal_number,thirtieth,第三十,trettiende,,,,,,,,,,,,,,,,trettiende,trettiende,trettiende,trettiende,trettiende,trettiende,,,,,,,,,,
wb_1bd76fe1d320e2344da0d475bd8d6ee38ebc2c56d67e7e44c6ca36bd2985ec6d,true,adjective,ordinal_number,fortieth,第四十,førtiende,,,,,,,,,,,,,,,,førtiende,førtiende,førtiende,førtiende,førtiende,førtiende,,,,,,,,,,
wb_ba90746447abbd3a204e822f3a1f796da3c182e75a1cf096ac33c168d6456f38,true,adjective,ordinal_number,fiftieth,第五十,femtiende,,,,,,,,,,,,,,,,femtiende,femtiende,femtiende,femtiende,femtiende,femtiende,,,,,,,,,,
wb_03b1068a829c019f8957fb8e4b205ea1bb96f6d5d3de815b58309438b0f1d145,true,adjective,ordinal_number,sixtieth,第六十,sekstiende,,,,,,,,,,,,,,,,sekstiende,sekstiende,sekstiende,sekstiende,sekstiende,sekstiende,,,,,,,,,,
wb_b73db6970ce59121a7b9c32e0bffac4dc01f225f0120c12165bdcb7d042d003a,true,adjective,ordinal_number,seventieth,第七十,syttiende,,,,,,,,,,,,,,,,syttiende,syttiende,syttiende,syttiende,syttiende,syttiende,,,,,,,,,,
wb_421a08f8d3262c88f0a6c273ead00d8028ebbb9b402c9456a36955c6c814aa66,true,adjective,ordinal_number,eightieth,第八十,åttiende,,,,,,,,,,,,,,,,åttiende,åttiende,åttiende,åttiende,åttiende,åttiende,,,,,,,,,,
wb_222a7691f7d04227074a60d1294aff9c532e69eb5327865c665307738b4bb905,true,adjective,ordinal_number,ninetieth,第九十,nittiende,,,,,,,,,,,,,,,,nittiende,nittiende,nittiende,nittiende,nittiende,nittiende,,,,,,,,,,
wb_6a60b741a5d83c1d3f2ef536a1afd32f6d330c6fd2db49c036375a356151f52c,true,adjective,ordinal_number,one hundredth,第一百,hundrede,,,,,,,,,,,,,,,,hundrede,hundrede,hundrede,hundrede,hundrede,hundrede,,,,,,,,,,
wb_8c9d437987531223a086a89fc6b3435c0ba03f1e2f36ad9e8f95b212e2fe3dd2,true,adjective,ordinal_number,two hundredth,第二百,to hundrede,,,,,,,,,,,,,,,,to hundrede,to hundrede,to hundrede,to hundrede,to hundrede,to hundrede,,,,,,,,,,
wb_b409ab181474336263958f5b5ce59422877b254ca2178f19a9ed4129bbb9a5cf,true,adjective,ordinal_number,three hundredth,第三百,tre hundrede,,,,,,,,,,,,,,,,tre hundrede,tre hundrede,tre hundrede,tre hundrede,tre hundrede,tre hundrede,,,,,,,,,,
wb_49f0f7612c4091130670828f861478dd89c30a11cf1ac0f2774e1bef89a473de,true,adjective,ordinal_number,five hundredth,第五百,fem hundrede,,,,,,,,,,,,,,,,fem hundrede,fem hundrede,fem hundrede,fem hundrede,fem hundrede,fem hundrede,,,,,,,,,,
wb_51a04467677d75d453dfef48654adea8441058f0a29c931fbe80cef9665ff713,true,adjective,ordinal_number,one thousandth,第一千,tusende,,,,,,,,,,,,,,,,tusende,tusende,tusende,tusende,tusende,tusende,,,,,,,,,,
wb_7271996cc00b1668c0c6ea49338fd65c5c6b4ab2af1319af6bcecf3a0c15804c,true,adjective,ordinal_number,five thousandth,第五千,fem tusende,,,,,,,,,,,,,,,,fem tusende,fem tusende,fem tusende,fem tusende,fem tusende,fem tusende,,,,,,,,,,
wb_15c17814493c63a34579d293bf10673765f2ab93f899a5f8d258e8e5fd99f137,true,adjective,ordinal_number,one hundred thousandth,第十万,hundretusende,,,,,,,,,,,,,,,,hundretusende,hundretusende,hundretusende,hundretusende,hundretusende,hundretusende,,,,,,,,,,
wb_145da039234d5a4a1c0d82b06616d818c3dda7022f9d7ae1839888a0ad91d912,true,pronoun,pronoun,you(subject),你（主格）,du,,,,,,,,,,,,,,,,,,,,,,deg,deg,dere,dere,dere selv,,,,,
wb_5c058aaa167972ddfa5edb97cfc8bcff19e48c390f3b2404111d3d6eafd0cf18,true,pronoun,pronoun,you(object),你（宾格）,deg,,,,,,,,,,,,,,,,,,,,,,deg,deg,dere,dere,dere selv,,,,,
wb_f701c21dc86ce6a953ad771745856497c616dc3fc40d2f417bf834212251966a,true,determinative,pronoun,your(common),你的（阴阳性）,din,,,,,,,,,,,,,,,,,,,,,,,,,,,di,ditt,dine,,
wb_0907f9707d1883ee3fe2f833add3ae6240bb9c16617f8a5bf766e28a8ea64488,true,determinative,pronoun,your(neuter),你的（中性）,ditt,,,,,,,,,,,,,,,,,,,,,,,,,,,di,ditt,dine,,
wb_69a90d5b3e0f446d3b18d3694debac8da564f730f1f5bfa98a503a4c5a282d52,true,determinative,pronoun,your(plural),你的（复数）,dine,,,,,,,,,,,,,,,,,,,,,,,,,,,di,ditt,dine,,
wb_4660d36d3509c005c055795426d6541365e6b260b5add89153319d5c664ab8fb,true,pronoun,pronoun,yourself,你自己（反身）,deg selv,,,,,,,,,,,,,,,,,,,,,,deg,deg selv,dere,dere,dere selv,,,,,
wb_0db78d18afa6ba789bc5b62630820a23e190e416671847200a89bbe1e5fce3e1,true,determinative,pronoun,your own,你自己的（反身物主）,din egen,,,,,,,,,,,,,,,,,,,,,,,,,,,din egen,ditt eget,dine egne,,
wb_e759e078b708130e52d8ff55603949ea007ac26f53e692c8b896e4ebcf4978d5,true,pronoun,pronoun,I,我（主格）,jeg,,,,,,,,,,,,,,,,,,,,,,meg,meg,vi,oss,oss selv,,,,,
wb_2c7f9032d4ead80ea0e13598b7cec3932a59fd087b25b4c11f181e3c95667cc7,true,pronoun,pronoun,me,我（宾格）,meg,,,,,,,,,,,,,,,,,,,,,,meg,meg,vi,oss,oss selv,,,,,
wb_69b3b821fa1ba6c37220646647c43fcf35b92f6c01ff4cef666eb607a78c3546,true,determinative,pronoun,my(common),我的（阴阳性）,min,,,,,,,,,,,,,,,,,,,,,,,,,,,mi,mitt,mine,,
wb_f7cc3fa225f86f05923f34a3178293d76b9a96fea5e731b78b9910ce9749a3a7,true,determinative,pronoun,my(neuter),我的（中性）,mitt,,,,,,,,,,,,,,,,,,,,,,,,,,,mi,mitt,mine,,
wb_8611d82c07baa8bae3d1054523ec2e3c9669da5b396ed2a3527da7e87b27ee7d,true,determinative,pronoun,my(plural),我的（复数）,mine,,,,,,,,,,,,,,,,,,,,,,,,,,,mi,mitt,mine,,
wb_04699449f7ee35f38abd2f9bc05b43fb10f427216f9c7a5003ccf6d077b7233b,true,pronoun,pronoun,myself,我自己（反身）,meg selv,,,,,,,,,,,,,,,,,,,,,,meg,meg selv,vi,oss,oss selv,,,,,
wb_c315cfbff83a56e3332110e851269c2e4233fd45c73ae50e01316a6a0c47e9fa,true,determinative,pronoun,my own,我自己的（反身物主）,min egen,,,,,,,,,,,,,,,,,,,,,,,,,,,min egen,mitt eget,mine egne,,
wb_6ec8719feb6cc75c596b0ec1f77cc1e4a60c33a55a301883b71fab2a5fdc4990,true,pronoun,pronoun,he(subject),他（主格）,han,,,,,,,,,,,,,,,,,,,,,,ham,seg,de,dem,seg,,,,,
wb_1280faf4380b1641bb25367e8ce0f897784765ea786b2c808682f30415e61cc3,true,pronoun,pronoun,him(object),他（宾格）,ham,,,,,,,,,,,,,,,,,,,,,,ham,seg,de,dem,seg,,,,,
wb_ccd0357fb36abba002708ddac71a6004f315f121eb761ebb3f47a3124e4451a4,true,determinative,pronoun,his(common)|his(neuter)|his(plural),他的（阴阳性）|他的（中性）|他的（复数）,hans,,,,,,,,,,,,,,,,,,,,,,,,,,,hans,hans,hans,,
wb_899e8f7fb7df268025c62afe01f9a1f9595f6e960533c6c1eff8ed5f5e677164,true,pronoun,pronoun,himself|herself|themselves-male|themselves-female,他自己（反身）|她自己（反身）|他们自己（反身）|她们自己（反身）,seg,,,,,,,,,,,,,,,,,,,,,,seg,seg,de,dem,seg,,,,,
wb_238c01e4a6e05d2b4b0b62c5178450d2476cdaf9da30338612082afd23a629ea,true,determinative,pronoun,his own|her own|their-own-male|their-own-female,他自己的（反身物主）|她自己的（反身物主）|他们自己的（反身物主）|她们自己的（反身物主）,sin,,,,,,,,,,,,,,,,,,,,,,,,,,,si,sitt,sine,,
wb_2004474385f849daa8282fe42f38128f6bab883ef735379a30741ef8fe1f9dca,true,pronoun,pronoun,she(subject),她（主格）,hun,,,,,,,,,,,,,,,,,,,,,,henne,seg,de,dem,seg,,,,,
wb_3e47be4a77da3e5c1aadb6edcc04062bdbe841f418935b2fa6a43b6f33f74855,true,pronoun,pronoun,her(object),她（宾格）,henne,,,,,,,,,,,,,,,,,,,,,,henne,seg,de,dem,seg,,,,,
wb_7b09d02104ac4240e15e559b11a3e6fa3fab8741ee58ac1500552f548d9da208,true,determinative,pronoun,her(common)|her(neuter)|her(plural),她的（阴阳性）|她的（中性）|她的（复数）,hennes,,,,,,,,,,,,,,,,,,,,,,,,,,,hennes,hennes,hennes,,
wb_f86977845b4d35dc2a6e81acbc8ae817b1ec93625c90bdaa88a7121e0fb3f3c2,true,pronoun,pronoun,you all(subject)|you all(object),你们（主格）|你们（宾格）,dere,,,,,,,,,,,,,,,,,,,,,,dere,dere,dere,dere,dere selv,,,,,
wb_51ad56796cee268142efaa8d0d7ac2a1bbaedf290d3df7f2546469b98f16c755,true,determinative,pronoun,your all(common)|your all(neuter)|your all(plural)|their-common-male|their-neuter-male|their-plural-male|their-common-female|their-neuter-female|their-plural-female,你们的（阴阳性）|你们的（中性）|你们的（复数）|他们的（阴阳性）|他们的（中性）|他们的（复数）|她们的（阴阳性）|她们的（中性）|她们的（复数）,deres,,,,,,,,,,,,,,,,,,,,,,,,,,,deres,deres,deres,,
wb_749d1a4713914a6fd74f3308cfaaab991b7e8059528c0bbc72a1cf8fdb776409,true,pronoun,pronoun,yourselves,你们自己（反身）,dere selv,,,,,,,,,,,,,,,,,,,,,,dere,dere selv,dere,dere,dere selv,,,,,
wb_3d6c8aef0883d0d04eb691d318026d7e4f37ea09d0bfd260762d37814b94742c,true,determinative,pronoun,your all own,你们自己的（反身物主）,deres egen,,,,,,,,,,,,,,,,,,,,,,,,,,,deres egen,deres eget,deres egne,,
wb_31a5d68504b778414e63356e6c0d8494e5d90495a0b561f3b39a69f2427a96c4,true,pronoun,pronoun,we(subject),我们（主格）,vi,,,,,,,,,,,,,,,,,,,,,,oss,oss,vi,oss,oss selv,,,,,
wb_ffb46044881b75ae1e9d7d0ce9d16423a6df503f6e1e69b1dd7f12c94f7b9c75,true,pronoun,pronoun,us(object),我们（宾格）,oss,,,,,,,,,,,,,,,,,,,,,,oss,oss,vi,oss,oss selv,,,,,
wb_79ea25c06d930df9436ddd2d4f2129e643d903e6fef8893201309b88c4d63dbd,true,determinative,pronoun,our(common),我们的（阴阳性）,vår,,,,,,,,,,,,,,,,,,,,,,,,,,,vår,vårt,våre,,
wb_857f0c235573ec7d93558919684e535cab95f631fa9390f34f3c7dbf44e109d2,true,determinative,pronoun,our(neuter),我们的（中性）,vårt,,,,,,,,,,,,,,,,,,,,,,,,,,,vår,vårt,våre,,
wb_d8dba4c8ba3ce88d487742fbb97e83fa64e1c91509b2598f98397b0a3c3dd841,true,determinative,pronoun,our(plural),我们的（复数）,våre,,,,,,,,,,,,,,,,,,,,,,,,,,,vår,vårt,våre,,
wb_4472aec1d8a89d85467f8189014b3643a7ceeb1507c6abda31783f9ff817bb21,true,pronoun,pronoun,ourselves,我们自己（反身）,oss selv,,,,,,,,,,,,,,,,,,,,,,oss,oss selv,vi,oss,oss selv,,,,,
wb_c69e54ead764c52792819533906afed43456538f8254f60e2ab155e828a023d3,true,determinative,pronoun,our own,我们自己的（反身物主）,vår egen,,,,,,,,,,,,,,,,,,,,,,,,,,,vår egen,vårt eget,våre egne,,
wb_b39990e5fea088b677da1f565e3f91326e729b9e073ea866cb3a6ee0d387acb1,true,pronoun,pronoun,they-subject-male|they-subject-female,他们（主格）|她们（主格）,de,,,,,,,,,,,,,,,,,,,,,,dem,seg,de,dem,seg,,,,,
wb_abac2d91aed935e7203b719097183645518b677e718e0a2d8c401e1d584776be,true,determinative,pronoun,those,那些,de,,,,,,,,,,,,,,,,,,,,,,,,,,,den,det,de,,
wb_86b42bd3e5a17bbf5d87715034ccd637d85426726eff3b0d632f3570fe02f763,true,pronoun,pronoun,them-object-male|them-object-female,他们（宾格）|她们（宾格）,dem,,,,,,,,,,,,,,,,,,,,,,dem,seg,de,dem,seg,,,,,
wb_189c0a4ec7ec82f2c5b5a0743ae0c882b332d378930186507e919c42d9b2472a,true,determinative,pronoun,this,这,denne,,,,,,,,,,,,,,,,,,,,,,,,,,,denne,dette,disse,,
wb_85e7974d1e28d366274b9506237680a2ebe3d271ff10286184776b859f605a08,true,determinative,pronoun,that,那,den,,,,,,,,,,,,,,,,,,,,,,,,,,,den,det,de,,
wb_8a9dd8848b5de71a803df77343a8398ce52ec6ddf1f88fc524c4c979bc3bf67c,true,determinative,pronoun,these,这些,disse,,,,,,,,,,,,,,,,,,,,,,,,,,,denne,dette,disse,,
wb_da7fa89549ac932d15f3f9a7e8d910c3e81dec7fc5381d4e698fd8a4952007ec,true,noun,month,january,一月,januar,,,,,,,,,januarer,januaren,januarene,januarens,januarenes,januars,januarers,,,,,,,,,,,,,,,,
wb_36eecb05e61da29ebf6f7581a5d74ff608c5a6cb0a287f2e909ac720b89e7f36,true,noun,month,february,二月,februar,,,,,,,,,februarer,februaren,februarene,februarens,februarenes,februars,februarers,,,,,,,,,,,,,,,,
wb_5d4c5ad3f2c44756ad2ba6908ded04ed9a9b67c42d28e78d0d5002dcd743555a,true,noun,month,march,三月,mars,,,,,,,,,marser,marsen,marsene,marsens,marsenes,marss,marsers,,,,,,,,,,,,,,,,
wb_15326e789eafc21ac3d408e751b77fb548fa4185d6c7f129f4d5ff8fd73568ba,true,noun,month,april,四月,april,,,,,,,,,apriler,aprilen,aprilene,aprilens,aprilenes,aprils,aprilers,,,,,,,,,,,,,,,,
wb_29667a93c0434a891c9b27734777601df7243a25a3e5adecc5e4837600e0aa09,true,noun,month,may,五月,mai,,,,,,,,,maier,maien,maiene,maiens,maienes,mais,maiers,,,,,,,,,,,,,,,,
wb_2811ceaeaa3b1b3aa9799cc2ff8311894bdae07f681e9b5eb13cf33c68a8af5d,true,noun,month,june,六月,juni,,,,,,,,,junier,junien,juniene,juniens,junienes,junis,juniers,,,,,,,,,,,,,,,,
wb_05f7423392085468451153faa8b296423bfc176aeef55466bc69132da4dc59dd,true,noun,month,july,七月,juli,,,,,,,,,julier,julien,juliene,juliens,julienes,julis,juliers,,,,,,,,,,,,,,,,
wb_70f74afd221ca415a93a3a9a50e5ac56632631bc9e701a5cf16cb538290e75cb,true,noun,month,august,八月,august,,,,,,,,,auguster,augusten,augustene,augustens,augustenes,augusts,augusters,,,,,,,,,,,,,,,,
wb_36ec7b4bb36355449c6dba7bdd5d8045d946ecbd23477017731f2c3d039bbeae,true,noun,month,september,九月,september,,,,,,,,,septemberer,septemberen,septembererne,septemberens,septemberernes,septembers,septemberers,,,,,,,,,,,,,,,,
wb_39f3f7b505efae59b426d3441567d0c1fd737e98bb893be8d3b2925ec84fe524,true,noun,month,october,十月,oktober,,,,,,,,,oktoberer,oktoberen,oktobererne,oktoberens,oktoberernes,oktobers,oktoberers,,,,,,,,,,,,,,,,
wb_6bc80db25dbdb474a8b53047fab88f3494a8b8f5516a45e5e989b7562930e366,true,noun,month,november,十一月,november,,,,,,,,,novemberer,novemberen,novembererne,novemberens,novemberernes,novembers,novemberers,,,,,,,,,,,,,,,,
wb_b920e6c52748910fe2250eddf0951cc2d1cd8966f68d0cbd0e818e1aa5589ed6,true,noun,month,december,十二月,desember,,,,,,,,,desemberer,desemberen,desembererne,desemberens,desemberernes,desembers,desemberers,,,,,,,,,,,,,,,,
wb_aa0bdfa2ed0fce38916e63a8901e2901dc0205fb7b0a7be498017f90c7121a2d,true,pronoun,interrogative,what,什么,hva,,,,,,,,,,,,,,,,,,,,,,hva,hva,hva,hva,hva,,,,,
wb_830906f8ec7827b7cea3f0b9a678e7a1672a0901593c9267b3b82eb51ba97f74,true,adverb,interrogative,where,哪里,hvor,,,,,,,,,,,,,,,,,,,,,,,,,,,,,,,
wb_dcf38fb8edfe9e7db2df20a9645e9cc505869fac9a3f3299d3bfaea8691fc08b,true,adverb,interrogative,why,为什么,hvorfor,,,,,,,,,,,,,,,,,,,,,,,,,,,,,,,
wb_4091c993ca5ec3e95b015556e1fa5d28c4452793a9d920f8d91bcc8243b7c532,true,adverb,interrogative,when,什么时候,når,,,,,,,,,,,,,,,,,,,,,,,,,,,,,,,
wb_7b2c0f01cd795b0806783c7cd35e832d77e7045417f7901a53be0449e7c8badc,true,pronoun,interrogative,who,谁,hvem,,,,,,,,,,,,,,,,,,,,,,hvem,hvem,hvem,hvem,hvem,,,,,
wb_6b96a82fadbd0eceaa870d931dcc2aecc94199a1fae730a641b06d706a45ba3e,true,determinative,interrogative,which,哪个,hvilken,,,,,,,,,,,,,,,,,,,,,,,,,,,hvilken,hvilket,hvilke,,
wb_d93d293da3447d886061f4a9403444ac7f5d7aa665ff32c4beeacfb598929a51,true,adverb,interrogative,how,怎么,hvordan,,,,,,,,,,,,,,,,,,,,,,,,,,,,,,,
